Employee name;Due for promotion;Will be retrenchment;Dismissal;
Abbey Schindler;0;0;No;
Abe J Macleod;0;0;No;
Abe Morales;0;0;No;
Abe X Paro;0;0;No;
Abram Q Keffer;0;0;No;
Abram S Manrique;0;0;No;
Adalberto W Creek;0;1;In progress;Adalberto W Creek
Adam B Katzer;0;0;No;
Adelaide L Harrop;1;1;No;
Adele M Burnam;0;0;No;
Adelia Abbas;0;0;No;
Adelia U Villagomez;0;0;No;
Adell W Trower;0;0;No;
Adella U Foushee;0;0;No;
Adelle E Brunner;0;0;No;
Adria M Melendrez;0;0;No;
Adriana O Medved;0;0;No;
Agnes Blow;0;0;No;
Agnes D Doud;0;0;No;
Ahmad V Lynde;0;0;No;
Ahmed C Minch;0;0;No;
Ahmed I Strope;0;0;No;
Ahmed V Lease;0;0;No;
Aiko Blossom;1;0;No;
Aileen F Hiltz;0;0;No;
Aileen Hiltz;0;0;No;
Akiko S Godby;0;0;No;
Al Fegley;0;0;No;
Alanna L Tyrell;0;0;No;
Albert Z Dunford;0;0;No;
Alda F Penning;0;0;No;
Alden Cauley;0;0;No;
Alden Y Cauley;0;0;No;
Alease Lander;0;0;No;
Alease Y Lander;0;0;No;
Alec Mcnees;0;0;No;
Aleisha H Mathew;0;0;No;
Alesia B Bear;0;0;No;
Alexis C Amaral;0;0;No;
Alexis D Bonelli;0;0;No;
Alexis Q Grose;1;1;No;
Alfonzo Knupp;0;0;No;
Alfred L Strausbaugh;0;0;No;
Alina L Prowell;0;0;No;
Alise Baltzell;0;0;No;
Alise O Baltzell;0;0;No;
Alisha D Coppock;0;0;No;
Aliza X Sammons;1;0;No;
Allen L Vachon;0;0;No;
Allene T Lepe;0;0;No;
Alline V Kushner;0;0;No;
Allyn O Farrior;0;1;In progress;Allyn O Farrior
Allyson I Ours;0;0;No;
Almeda M Dunford;0;0;No;
Alonzo W Stanford;0;0;No;
Alphonso Laffoon;0;0;No;
Alphonso U Laffoon;0;0;No;
Alysia Basil;0;0;No;
Amada J Knouse;0;0;No;
Amado C Bonet;0;0;No;
Amelia H Burbank;0;0;No;
America V Lobel;1;1;No;
Amiee Z Chaffins;1;1;No;
Analisa X Birdsell;0;0;No;
Andre Q Maxon;0;0;No;
Andrea Rhymes;0;0;No;
Andreas L Kennard;0;0;No;
Andreas T Viles;0;0;No;
Andres P Towles;0;0;No;
Andres S Garner;0;0;No;
Andrew D Hersey;0;0;No;
Andrew Detweiler;1;1;No;
Andrew P Detweiler;0;0;No;
Andria Z Reza;0;0;No;
Angel F Palomino;0;0;No;
Angel Ferebee;0;0;No;
Angela P Lorenzen;0;0;No;
Angelo B Fitzmaurice;0;0;No;
Anibal F Pieper;0;0;No;
Anisha Jasmin;0;0;No;
Annabelle E Encinas;0;0;No;
Annette Jolin;0;0;No;
Antone Polston;0;0;No;
Antone W Polston;0;0;No;
Archie Blair;0;0;No;
Arden B Fujita;0;0;No;
Arlen F Maly;0;0;No;
Arlen Joly;0;0;No;
Arlen M Joly;0;0;No;
Arlen Z Vanslyke;0;0;No;
Armando H Seaborn;0;0;No;
Armida Bridwell;0;0;No;
Arnoldo D Mckeen;0;0;No;
Aron Durante;0;0;No;
Arron R Vegas;0;0;No;
Arturo N Halvorsen;0;0;No;
Asa E Kunze;0;1;In progress;Asa E Kunze
Ashanti R Swim;0;0;No;
Ashlie G Cadena;0;0;No;
Asley F Mcewan;0;0;No;
Astrid Marinelli;0;0;No;
Astrid R Marinelli;0;0;No;
Asuncion X Braunstein;0;0;No;
Audrea B Prather;0;0;No;
Audrea K Papineau;0;0;No;
Audria W Barrios;0;0;No;
Audrie X Mccammon;0;0;No;
August C Navarette;0;1;In progress;August C Navarette
August C Strother;0;0;No;
August F Dones;0;0;No;
Augusta G Kircher;0;0;No;
Aundrea W Lundberg;0;0;No;
Aurelio K Wyckoff;0;0;No;
Austin Janney;0;0;No;
Ayako Bachmann;0;0;No;
Ayako L Bachmann;0;0;No;
Barak Sali;0;0;No;
Barrie Collman;0;0;No;
Barrie E Collman;0;0;No;
Bart B Gilcrease;0;0;No;
Beatrice A Knopf;0;0;No;
Beatrice Coen;0;0;No;
Beatrice T Coen;0;0;No;
Bell N Molinaro;0;1;In progress;Bell N Molinaro
Belva Fitzwater;0;0;No;
Ben Gigliotti;0;0;No;
Ben Lagrange;0;0;No;
Ben N Lamson;0;0;No;
Ben U Gigliotti;0;0;No;
Benedict B Wix;0;0;No;
Benedict U Daye;0;0;No;
Bennie E Manfredi;0;1;In progress;Bennie E Manfredi
Benny S Brinker;0;1;In progress;Benny S Brinker
Berna Z Stoller;0;0;No;
Bernard A Harbert;0;0;No;
Bernard Harbert;0;0;No;
Bernard N Weatherly;0;0;No;
Bernarda E Gervais;0;0;No;
Bernardina X Roesch;0;0;No;
Bernardo I Garzon;0;0;No;
Bernardo X Barbee;0;0;No;
Bernie M Kish;0;1;In progress;Bernie M Kish
Bert Q Lauritzen;0;0;No;
Bert S Kinkade;0;0;No;
Bertha E Harbison;0;0;No;
Beryl Helsel;0;0;No;
Bethann Marini;0;0;No;
Bill Tarkington;0;0;No;
Billie Liang;0;0;No;
Birdie Savoy;0;0;No;
Blanch Y Mysliwiec;0;0;No;
Bo E Curlee;0;0;No;
Bobbie P Chumley;0;0;No;
Bobbie Q Holbrook;0;0;No;
Bobbie S Miner;0;0;No;
Bobbie X Schoenrock;0;0;No;
Bong M Alvares;0;0;No;
Bonny Poor;0;0;No;
Bonny S Poor;0;0;No;
Boris A Mccown;0;0;No;
Brad I Pattison;0;0;No;
Bradford K Marlatt;0;0;No;
Brande Sevier;0;0;No;
Brendon E Mone;1;1;No;
Brendon J Camp;0;0;No;
Brendon V Crowther;0;0;No;
Brent U Perlman;0;0;No;
Brenton U Boyett;0;0;No;
Bret C Delancey;0;0;No;
Brett Z Vadnais;0;0;No;
Bridget D Spadaro;0;1;In progress;Bridget D Spadaro
Bridget Rake;0;0;No;
Brigitte D Fendley;0;0;No;
Britt P Shivers;0;0;No;
Britt Shivers;0;0;No;
Bruna R Welke;0;0;No;
Bryan J Stampley;0;0;No;
Bryan V Guyton;0;0;No;
Bryanna Pyron;0;0;No;
Bryant L Kinsman;0;0;No;
Bryce B Edens;0;0;No;
Buck H Rancourt;1;1;No;
Buck Rancourt;0;0;No;
Bud Kistner;0;0;No;
Bud L Lofgren;0;0;No;
Bud Lofgren;0;0;No;
Buddy G Steinbeck;0;0;No;
Buddy W Lofgren;0;0;No;
Buford Q Giancola;0;0;No;
Bula Reich;0;0;No;
Burton C Jin;0;0;No;
Caleb Luther;0;0;No;
Cameron A Chamberland;0;1;In progress;Cameron A Chamberland
Cameron Chamberland;0;0;No;
Cameron K Gratton;0;0;No;
Candelaria Q Zajicek;0;1;In progress;Candelaria Q Zajicek
Candelaria Zajicek;1;1;No;
Carey J Sandlin;0;0;No;
Carey N Mccready;0;0;No;
Carl M Paddock;0;0;No;
Carlo B Ali;0;0;No;
Carlos Banh;0;0;No;
Carlotta T Ryles;1;1;No;
Carlton P Bose;0;0;No;
Carlton P Mahurin;0;0;No;
Carly L Sirianni;0;0;No;
Carmelia E Bergeron;1;1;No;
Carmelia R Lattimer;0;0;No;
Carmen F Barret;0;0;No;
Carmen U Benbow;0;0;No;
Carmon A Howlett;0;0;No;
Carolin T Loya;1;0;No;
Carolina B Pasillas;0;0;No;
Carolynn V Moynihan;1;0;No;
Carrol Arend;0;0;No;
Carrol O Arend;0;0;No;
Carter B Hilderbrand;0;0;No;
Carter C Hunt;0;0;No;
Casey D Krier;0;0;No;
Cassaundra K Polito;0;0;No;
Cayla Mealy;0;0;No;
Cecil Teixeira;0;0;No;
Cecily D Houser;1;0;No;
Cedric N Cavallo;0;1;In progress;Cedric N Cavallo
Cedrick Engelhardt;0;0;No;
Cedrick K Engelhardt;0;0;No;
Cedrick M Cordle;0;0;No;
Celesta L Reeser;0;0;No;
Celestine H Alderson;0;0;No;
Celinda C Magruder;0;0;No;
Celine Baskin;1;0;No;
Chadwick I Hargreaves;0;0;No;
Charity N Denman;0;0;No;
Charles S Nicholes;0;0;No;
Charlie Moxley;0;0;No;
Charlie V Koeller;0;0;No;
Chase J Paradise;0;0;No;
Chase Paradise;0;0;No;
Chase T Scurry;0;0;No;
Chau R Barron;0;0;No;
Chauncey Southerland;0;0;No;
Chaya W Caudle;0;0;No;
Chere Patchett;0;0;No;
Cheree Lusk;0;0;No;
Chester N Sitz;0;0;No;
Chi S Clopton;0;0;No;
Ching D Applegate;0;0;No;
Chris Braggs;0;0;No;
Chrissy H Edmonson;0;0;No;
Christena Kratz;0;0;No;
Christene Blakemore;0;0;No;
Christene F Blakemore;0;1;In progress;Christene F Blakemore
Christene L Mccaleb;0;0;No;
Christi H Amaker;0;0;No;
Christie Rodger;1;1;No;
Christoper K Manzano;0;0;No;
Chung J Moynihan;0;0;No;
Cicely W Colton;0;0;No;
Cindie T Madden;0;0;No;
Clara B Sifuentes;0;0;No;
Clarence Hinkson;0;0;No;
Clarence J Hinkson;0;0;No;
Claretta D Wingert;0;0;No;
Clark Spence;0;0;No;
Claudio Q Bien;0;0;No;
Clemente S Wiechmann;1;0;No;
Clemmie F Montague;0;0;No;
Cleveland A Zinke;0;0;No;
Cleveland Franko;0;0;No;
Cleveland W Franko;0;0;No;
Cliff Skipworth;0;1;In progress;Cliff Skipworth
Clint Q Orear;0;0;No;
Clint Q Strayhorn;0;0;No;
Clint Strayhorn;0;0;No;
Clinton Tschida;0;0;No;
Clotilde Mason;0;0;No;
Clotilde X Mason;0;0;No;
Clyde P Ponton;0;0;No;
Cole Dellinger;0;0;No;
Cole M Dellinger;0;0;No;
Cole N Poling;0;1;In progress;Cole N Poling
Colin V Likens;0;0;No;
Colleen B Lenihan;0;0;No;
Colton B Salzman;0;0;No;
Colton Salzman;0;0;No;
Conrad R Saito;0;0;No;
Conrad Saito;0;0;No;
Cordell M Tweedy;0;0;No;
Cordell Riche;0;0;No;
Cordia M Knopp;0;0;No;
Corey F Stowe;0;0;No;
Corina U Korhonen;0;0;No;
Cortez F Espiritu;0;0;No;
Coy I Gentner;0;0;No;
Cristal Q Kucharski;0;0;No;
Cristi T Clem;0;0;No;
Crystal Comes;0;0;No;
Crystal U Comes;0;0;No;
Curtis E Quayle;0;0;No;
Cyndy Ary;0;0;No;
Cyndy H Ary;0;0;No;
Cythia I Stecker;0;0;No;
Daina U Ledet;0;0;No;
Dale Childers;0;0;No;
Dale E Childers;0;0;No;
Damian F Mcgaughey;0;0;No;
Damian X Grist;0;0;No;
Damien A Izquierdo;0;0;No;
Dane Lawrence;0;0;No;
Danette A Kuykendall;0;0;No;
Daniel L Nava;0;0;No;
Danilo Hammes;0;0;No;
Danilo S Hammes;0;0;No;
Darcel P Burford;0;0;No;
Darin Keitt;0;0;No;
Darin U Shipp;0;0;No;
Darren U Shoulders;0;0;No;
Darron Tittle;0;0;No;
Darwin W Lemoine;0;0;No;
Davida A Funkhouser;0;0;No;
Davis Z Gaylor;0;0;No;
Dawna T Woodbury;0;0;No;
Dawne Y Gardner;0;0;No;
Dayna M Edmondson;0;0;No;
Deandre U Groleau;0;0;No;
Deane I Keown;0;0;No;
Deanna P Scoggin;1;1;No;
Debbie C Lipsey;0;0;No;
Debrah X Flury;0;0;No;
Dee Joslyn;0;1;In progress;Dee Joslyn
Deeanna E Cluck;0;0;No;
Delana I Selfridge;0;0;No;
Delana Y Freedman;0;0;No;
Delfina O Day;0;0;No;
Delphine P Carpio;0;0;No;
Delsie R Tennison;0;0;No;
Demarcus Recio;0;0;No;
Denis T Yelle;0;0;No;
Denis Y Fehr;0;0;No;
Dennis K Cayer;0;0;No;
Deon U Mounce;0;0;No;
Derick A Macey;0;0;No;
Derrick Culbreth;0;0;No;
Deshawn O Mankin;0;0;No;
Desirae D Ginn;0;0;No;
Desirae Ginn;0;0;No;
Desiree L Sobel;0;0;No;
Detra D Rymer;1;1;No;
Devin Hales;1;1;No;
Devin U Hales;0;0;No;
Dewayne X Groom;0;0;No;
Dian I Peachey;0;0;No;
Digna Q Eck;0;1;In progress;Digna Q Eck
Dion K Taylor;0;0;No;
Dion Taylor;0;0;No;
Don Southwick;0;0;No;
Donald H Mazur;0;0;No;
Donald P Phaneuf;0;0;No;
Dong B Sturdevant;0;0;No;
Dong Sturdevant;0;0;No;
Donna R Woodrum;0;0;No;
Donnell Babbitt;0;0;No;
Donte H Granger;0;0;No;
Donya G Rodden;0;0;No;
Dorethea U Engram;0;0;No;
Doria Z Crouse;0;0;No;
Dorla G Westberry;0;0;No;
Dorothea J Canterbury;0;0;No;
Dorothy Gard;0;0;No;
Dorothy Q Gard;0;0;No;
Dortha Z Harty;0;0;No;
Dottie D Hagaman;0;0;No;
Dottie Hagaman;0;0;No;
Doug B Southwick;0;0;No;
Douglas Cull;0;0;No;
Dovie F Larue;0;0;No;
Dovie Nickerson;0;0;No;
Dovie U Nickerson;0;0;No;
Doyle Grindstaff;0;0;No;
Doyle N Utter;0;0;No;
Doyle T Grindstaff;0;0;No;
Doyle Utter;0;1;In progress;Doyle Utter
Drucilla Simkins;0;0;No;
Dudley G Slocum;0;0;No;
Dudley Slocum;0;0;No;
Dulce E Grizzard;1;1;No;
Dulce Grizzard;0;0;No;
Duncan O Maheu;0;0;No;
Dustin Y Espey;0;0;No;
Dusty L Kugler;0;0;No;
Dwain O Upham;0;0;No;
Dwain Upham;0;0;No;
Dwayne Marker;0;0;No;
Dwayne W Marker;0;0;No;
Earlean Funke;0;0;No;
Earlean Y Funke;0;0;No;
Earnest H Birkholz;0;0;No;
Eartha Z Oceguera;0;0;No;
Ed Shockley;0;0;No;
Ed X Shockley;0;0;No;
Eda O Brase;0;0;No;
Edgar Teer;0;0;No;
Edmund K Masuda;0;0;No;
Edmund Mcclung;1;1;No;
Edmundo R Rew;0;0;No;
Edra M Guthrie;0;0;No;
Effie Jelinek;0;0;No;
Efrain L Wass;0;0;No;
Efrain Moats;0;0;No;
Efren G Ager;0;0;No;
Ela K Hames;0;1;In progress;Ela K Hames
Eladia A Braggs;0;0;No;
Elaine B Randazzo;0;0;No;
Eldridge B Bose;0;1;In progress;Eldridge B Bose
Eldridge Bose;0;0;No;
Eldridge M Benningfield;0;0;No;
Eleanor D Dickson;0;0;No;
Eleanora Farthing;0;0;No;
Elease H Burger;0;0;No;
Elenor B Gibbs;0;0;No;
Elenora S Whitehill;0;0;No;
Elenora V Halley;0;0;No;
Eleonora Pollard;0;0;No;
Eleonora S Pollard;0;0;No;
Elias Pinkard;0;0;No;
Elias Y Pinkard;0;0;No;
Elijah P Elkin;0;0;No;
Elijah X Ahmad;0;0;No;
Eliz R Linneman;0;0;No;
Elliott Chess;0;0;No;
Ellis J Mccune;0;0;No;
Ellis V Mcneel;0;0;No;
Elmo G Pagano;0;0;No;
Elois Z Ono;0;0;No;
Eloise Demoss;0;0;No;
Eloise Z Demoss;0;0;No;
Elroy Kimbler;0;0;No;
Elroy L Shorts;0;0;No;
Elroy N Kimbler;0;0;No;
Elsie S Depaz;0;0;No;
Elsy B Latta;1;1;No;
Elsy Beyer;0;0;No;
Elvis J Stroh;0;1;In progress;Elvis J Stroh
Elvis Stroh;0;0;No;
Elvis Veiga;0;1;In progress;Elvis Veiga
Elwood T More;0;0;No;
Emeline I Richer;0;0;No;
Emery P Sorrells;0;0;No;
Emiko Z Lolley;0;0;No;
Emile Aponte;0;0;No;
Emma Dice;0;0;No;
Emma Monti;0;0;No;
Emma X Monti;0;0;No;
Emmanuel G Chamorro;0;0;No;
Emmitt X Plante;0;0;No;
Employees;0;0;No;
Ena Mullins;0;0;No;
Ena Thor;0;0;No;
Enda Kirchner;0;0;No;
Eric C Irvine;0;0;No;
Erica S Harlan;0;0;No;
Erik W Steffen;0;0;No;
Erin K Stclair;0;0;No;
Erin L Jasmin;0;0;No;
Ernestine E Fludd;0;0;No;
Ernestine Fludd;0;0;No;
Esmeralda N Veliz;0;0;No;
Estella E Miley;0;0;No;
Etsuko O Wilmot;0;0;No;
Ettie S Stilwell;0;0;No;
Eveline B Strecker;0;0;No;
Evon Q Lawson;0;0;No;
Ewa B Staples;0;0;No;
Exie C Bradham;0;0;No;
Ezequiel N Shell;0;0;No;
Ezra Calvert;0;0;No;
Fabian Say;0;0;No;
Faustino Scheffel;0;0;No;
Fawn Buckman;0;0;No;
Fe A Schrock;0;0;No;
Federico B Edmond;0;0;No;
Federico Edmond;0;0;No;
Federico I Carlile;0;0;No;
Felisha Q Ettinger;0;0;No;
Felix S Croker;0;0;No;
Femi Grek;0;0;No;
Ferdinand Ramsdell;0;0;No;
Fermin L Zapata;0;0;No;
Fernando Korhonen;0;0;No;
Fernando S Korhonen;1;1;No;
Forest Z Blewett;0;0;No;
Forest Z Hacker;0;0;No;
Forrest Q Zell;0;0;No;
Francis O Encarnacion;0;0;No;
Frank O Mallon;0;0;No;
Frankie I Speed;0;0;No;
Franklyn V Hummell;0;0;No;
Freddie C Headen;0;0;No;
Freddy A Rolling;0;0;No;
Freddy Rolling;0;0;No;
Fredericka J Varney;0;0;No;
Gabriel E Pearsall;0;1;In progress;Gabriel E Pearsall
Gabriel S Beale;0;0;No;
Galina G Woodbury;0;0;No;
Garland J Verville;0;0;No;
Garland Z Leavell;0;0;No;
Garnett Dryer;1;1;No;
Garret Flakes;0;0;No;
Garrett Nolette;0;1;In progress;Garrett Nolette
Garrett S Nolette;1;1;No;
Gavin V Mckillip;0;0;No;
Gearldine Stolte;0;0;No;
Gema S Grover;0;0;No;
Gemma I Chilton;0;0;No;
Genaro Lukasik;0;0;No;
George U Clouser;0;0;No;
Georgiann C Harrell;0;0;No;
Georgiann Harrell;0;0;No;
Gerardo Q Bergen;0;0;No;
Geri M Tuthill;0;0;No;
Gerry D Woolery;0;0;No;
Gerry Harvey;0;0;No;
Gerry X Koh;0;0;No;
Gertrud B Glidden;0;0;No;
Gertrud Glidden;0;0;No;
Gia M Casas;0;0;No;
Gidget X Loring;0;0;No;
Gilbert M Wolfgram;0;0;No;
Gilbert Z Bloss;0;0;No;
Gilberto U Greaves;0;0;No;
Giovanna M Clift;0;0;No;
Giuseppe D Chouinard;0;0;No;
Giuseppina Dagostino;0;0;No;
Giuseppina E Fink;0;0;No;
Giuseppina N Dagostino;0;0;No;
Glady Q Kump;0;0;No;
Glenn N Vinyard;0;0;No;
Glenn Vinyard;0;0;No;
Gracie P Lett;0;0;No;
Grady Y Perera;0;0;No;
Graham O Romeo;0;0;No;
Gregorio H Hottinger;0;0;No;
Gregory I Kidwell;0;0;No;
Grisel R Whitty;0;1;In progress;Grisel R Whitty
Grisel Sutton;0;0;No;
Grover Mcgahey;0;0;No;
Guillermo X Schwan;0;0;No;
Gustavo F Rouse;0;0;No;
Guy S Troy;0;0;No;
Gwyn E Etzel;0;0;No;
Gwyn Etzel;0;0;No;
Gwyn I Parish;0;0;No;
Gwyn N Mitzel;0;0;No;
Hai Y Arden;0;0;No;
Hal K Kells;0;0;No;
Hal Kells;0;0;No;
Haley G Bova;0;0;No;
Hannah K Ma;0;0;No;
Hans G Koh;0;0;No;
Harland S Renshaw;0;1;In progress;Harland S Renshaw
Harriett A Mccurry;0;0;No;
Hassan Radabaugh;0;0;No;
Hayden E Novack;0;0;No;
Hayden J Jang;0;0;No;
Heath Aikin;0;0;No;
Heath Fell;0;0;No;
Heath K Fell;0;0;No;
Herb B Irving;0;0;No;
Heriberto Rollo;0;0;No;
Heriberto Starkey;0;0;No;
Heriberto Y Starkey;0;0;No;
Herlinda U Negron;0;0;No;
Hermila X Crosslin;0;0;No;
Hester B Cabana;0;0;No;
Hettie S Lauber;0;0;No;
Hiram K Stokely;0;0;No;
Holley M Cathcart;0;0;No;
Holli G Ethridge;0;0;No;
Hollis Z Carr;0;0;No;
Homer Hollowell;0;0;No;
Honey D Eaves;0;1;In progress;Honey D Eaves
Hong M Townson;0;1;In progress;Hong M Townson
Horace Hobart;0;0;No;
Horacio S Salazar;0;0;No;
Hosea B Michelson;0;0;No;
Houston K Joe;0;0;No;
Hoyt O Reiss;0;0;No;
Hubert L Kirkland;0;0;No;
Hugh N Chavira;0;0;No;
Hui Bizzell;0;0;No;
Hui E Bizzell;0;0;No;
Hung H Nicola;0;0;No;
Hyun M Gloss;0;0;No;
Hyun Z Bynoe;0;0;No;
Iliana Fogle;0;0;No;
Iliana M Fogle;0;0;No;
Ilse X Harr;0;0;No;
Ingeborg Z Weisser;0;0;No;
Inger Gillan;0;0;No;
Inocencia Z Buteau;1;1;No;
Irene Ellerbee;0;0;No;
Irving C Pillar;0;0;No;
Irwin River;0;0;No;
Isaac O Dempster;0;0;No;
Isaac Tsan;0;0;No;
Isabella X Russell;0;0;No;
Isaiah G Parrish;0;0;No;
Isaiah Y Magwood;0;0;No;
Isiah S Coppock;0;0;No;
Isiah Wilkie;0;0;No;
Isis F Hash;0;0;No;
Isis N Rufus;0;0;No;
Isobel K Dance;0;0;No;
Israel T Hertzler;0;0;No;
Isreal F Metoyer;0;0;No;
Isreal Metoyer;0;0;No;
Ivan A Groner;0;0;No;
Izetta B Alford;0;0;No;
Izola E Ye;0;0;No;
Jacinda X Michalec;0;0;No;
Jacinta Y Cheney;0;0;No;
Jack J Warfel;0;0;No;
Jack Partin;0;0;No;
Jackie P Montague;0;0;No;
Jackie Sachs;0;0;No;
Jae B Isabell;0;0;No;
Jaleesa I Averett;0;0;No;
Jamaal Resto;0;0;No;
Jamaal Z Resto;1;1;No;
Jamal G Dimarco;0;0;No;
Jamel Meaney;1;1;No;
Jamey S Seim;0;0;No;
Jamison Crutchfield;0;0;No;
Jamison U Crutchfield;0;0;No;
Janean A Tyler;0;0;No;
Janessa M Drennen;0;0;No;
Janie P Caswell;1;1;No;
Jaquelyn C Holzman;0;0;No;
Jarred C Class;0;0;No;
Jarred Class;0;0;No;
Jason V Gravois;0;0;No;
Jasper P Barnaby;0;0;No;
Jayme B Shimer;0;0;No;
Jayson S Carrol;1;1;No;
Jazmin Wheless;0;0;No;
Jc Meyers;0;0;No;
Jc S Meyers;0;0;No;
Jeanetta N Norden;0;0;No;
Jeanna U Li;0;0;No;
Jeff E Lucero;1;0;No;
Jeff Mallon;0;0;No;
Jeff W Zacarias;0;0;No;
Jefferey Folkerts;0;0;No;
Jefferson N Thurman;0;0;No;
Jeffery A Brafford;0;0;No;
Jeffrey Berg;0;0;No;
Jenell S Sauers;0;0;No;
Jeneva Y Bybee;1;0;No;
Jennefer Ours;0;0;No;
Jenni Olguin;0;1;In progress;Jenni Olguin
Jennifer Z Pridgen;0;0;No;
Jeramy F Metoyer;0;0;No;
Jeramy T Londono;0;0;No;
Jeremiah Harriss;0;0;No;
Jeremiah N Curran;0;0;No;
Jeremy Belew;0;0;No;
Jerlene P Dunnigan;1;0;No;
Jerome P Whitefield;0;0;No;
Jerome Spangler;0;0;No;
Jerome Whitefield;0;0;No;
Jerrell Mcfarlin;0;0;No;
Jerri Dunkle;0;0;No;
Jesus E Mclelland;0;0;No;
Jesus H Guillen;0;0;No;
Jesus Tafolla;0;0;No;
Jewel R Willhite;0;0;No;
Jillian Harry;0;0;No;
Jim J Lurie;0;0;No;
Jimmie A Rorie;0;0;No;
Jimmie Esqueda;0;0;No;
Jimmie F Vasquez;0;0;No;
Jimmy Canaday;0;0;No;
Joanie N Folkerts;0;0;No;
Joanna Deforest;0;0;No;
Joanna H Deforest;0;0;No;
Joanna M Sandefur;0;0;No;
Joannie E Wolters;0;0;No;
Joaquin Vaz;0;0;No;
Jocelyn Q Scotti;0;1;In progress;Jocelyn Q Scotti
Jody K Rude;0;1;In progress;Jody K Rude
Jody Slavens;0;0;No;
Joel S Maine;0;0;No;
Joesph Y Shrout;0;0;No;
Johnie Centers;0;0;No;
Johnie V Centers;0;0;No;
Jolanda Dewees;1;1;No;
Jolanda L Dewees;0;0;No;
Joleen H Chea;0;0;No;
Joline Frisby;0;0;No;
Jon Arvizu;1;1;No;
Jon Behler;1;0;No;
Jong Borchers;0;0;No;
Jong U Borchers;0;0;No;
Jordan D Phu;0;0;No;
Jordan Phu;1;1;No;
Jorge R Coghlan;0;0;No;
Jose P Tubbs;0;0;No;
Josette Betancourt;0;0;No;
Josette R Betancourt;0;0;No;
Josiah R Gutierres;0;0;No;
Josie Hofman;0;0;No;
Judith D Gourdine;0;0;No;
Judith Gourdine;0;0;No;
Judson Y Hodson;0;0;No;
Jules Shugart;0;0;No;
Julio Bryce;0;0;No;
Julio Dockery;0;0;No;
Julio P Bryce;0;0;No;
Julio P Dockery;0;0;No;
Julius N Bakker;0;0;No;
Julius Q Stock;1;1;No;
Junita Huhn;0;0;No;
Junita Y Huhn;0;0;No;
Kaci Whitacre;0;0;No;
Kacy Cairns;0;0;No;
Kali Kennamer;0;0;No;
Kandis Owenby;0;0;No;
Karie Renninger;0;0;No;
Karima Metivier;0;0;No;
Karisa B Glidewell;0;0;No;
Karisa Glidewell;0;0;No;
Karl O Langlinais;0;0;No;
Karlene L Mckean;0;0;No;
Kasi Blakeslee;0;0;No;
Kassie Akers;0;0;No;
Kassie Q Binder;0;1;In progress;Kassie Q Binder
Kate O Paull;0;0;No;
Katelin F Coney;0;0;No;
Katheryn Holtzclaw;0;0;No;
Katia Foran;0;0;No;
Katie N Kinnison;0;1;In progress;Katie N Kinnison
Kaye Tubbs;1;0;No;
Keenan W Spruell;0;0;No;
Keila A Lucas;0;1;In progress;Keila A Lucas
Keila F Lofland;0;0;No;
Keira Till;0;0;No;
Keira Y Till;1;1;No;
Keith B Macha;0;0;No;
Keith E Moyes;0;0;No;
Keith Q Ofarrell;0;0;No;
Keitha Foran;0;0;No;
Kellee L Gravelle;0;0;No;
Ken X Weisberg;1;1;No;
Kendrick Burchette;0;0;No;
Kendrick C Burchette;1;0;No;
Kenneth Lucius;0;0;No;
Kenton Q Villalta;1;1;No;
Kenton Villalta;0;0;No;
Kermit L Mcphail;0;0;No;
Kermit Mcphail;0;0;No;
Kerri Y Card;0;0;No;
Keven A Jewell;0;0;No;
Keven Bingham;0;0;No;
Keven F Bingham;0;0;No;
Keven H Araiza;0;0;No;
Khalilah A Campo;0;0;No;
Kiara G Abrahamson;0;0;No;
Kiara T Martinez;0;0;No;
Kieth D Castelli;0;0;No;
Kieth G Coney;0;0;No;
Kimberlee J Hawkins;0;1;In progress;Kimberlee J Hawkins
Kimberly Duquette;0;0;No;
Kimberly K Carr;0;0;No;
Kindra V Cruickshank;0;0;No;
Kirby W Estrella;0;0;No;
Kirstie Macey;0;0;No;
Kirstie W Macey;0;0;No;
Kitty S Sickles;0;0;No;
Kizzy W Brazelton;0;0;No;
Korey I Garrity;0;0;No;
Korey U Eddington;0;0;No;
Kori J Fairfax;0;0;No;
Kraig P Brownfield;0;0;No;
Kris Bice;0;0;No;
Kris L Bice;0;0;No;
Krishna G Raby;0;0;No;
Krissy S Valazquez;0;0;No;
Kristal F Bickford;0;0;No;
Kristen A Beauchemin;0;0;No;
Kristie E Jain;0;0;No;
Kristle D Figgs;0;0;No;
Kristofer N Calahan;0;0;No;
Kristofer Y Fizer;0;0;No;
Kristopher Alejos;0;1;In progress;Kristopher Alejos
Kurtis C Irons;0;0;No;
Kylie K Freda;1;0;No;
Lacy Deshotel;0;0;No;
Lacy Q Deshotel;0;0;No;
Lakenya Z Mccroskey;0;0;No;
Lala C Marquez;0;0;No;
Lala R Denman;0;0;No;
Lamar A Partida;0;0;No;
Lamar L Legg;0;0;No;
Lamar W Estill;0;1;In progress;Lamar W Estill
Lamont J Brescia;0;0;No;
Lance Pennington;0;0;No;
Lanelle W Berlanga;0;0;No;
Larisa Still;0;1;In progress;Larisa Still
Larisa X Strauss;0;0;No;
Larry K Mash;1;1;No;
Larry Osby;0;0;No;
Lashaunda Y Munden;0;0;No;
Latanya C Law;0;0;No;
Latia Gleaton;0;1;In progress;Latia Gleaton
Latrice Kirch;0;0;No;
Launa N Kohl;0;1;In progress;Launa N Kohl
Lauren O Guzzi;0;0;No;
Lauren R Hennessy;0;0;No;
Laurena P Caston;1;1;No;
Laurence K Ryles;0;0;No;
Laurinda Dinh;0;0;No;
Lavada Maldanado;0;0;No;
Lavada W Maldanado;0;0;No;
Lavette P Cheney;0;0;No;
Lawerence W Abernethy;0;0;No;
Leanna X Tibbetts;0;0;No;
Leda X Haskell;0;0;No;
Leda Y Fabre;0;0;No;
Leif Harness;0;0;No;
Leif Y Harness;0;0;No;
Leigh Y Haws;0;0;No;
Leland C Fifield;0;0;No;
Leland David;0;0;No;
Lemuel V Darden;0;0;No;
Lemuel W Hardman;0;0;No;
Lenny U Rister;0;1;In progress;Lenny U Rister
Leonel S Yuan;0;0;No;
Leonia Y Derosier;0;0;No;
Leonore Reason;0;0;No;
Leopoldo U Hole;0;0;No;
Leroy H Styron;0;0;No;
Les Priolo;0;0;No;
Les V Bejarano;0;0;No;
Les V Gran;0;0;No;
Lesha K Cai;0;0;No;
Lesley Macpherson;0;0;No;
Leslie I Stolte;0;0;No;
Leslie Stolte;0;0;No;
Lester Coldiron;0;0;No;
Letha L Apel;0;0;No;
Leticia V Lewandowski;0;0;No;
Lewis M Racette;0;0;No;
Lezlie Z Bohannan;0;0;No;
Lia J Liner;0;0;No;
Lia Liner;0;0;No;
Liana T Quesenberry;0;0;No;
Liane U Grafton;0;0;No;
Lianne M Sweeney;0;0;No;
Lianne Sweeney;0;0;No;
Liberty A Shroyer;0;0;No;
Lidia Kuiper;0;0;No;
Lidia S Gerling;0;0;No;
Ligia Hoeft;0;0;No;
Lilli Tartt;0;0;No;
Lincoln D Cauley;0;0;No;
Lincoln D Demaria;0;0;No;
Lincoln Demaria;0;0;No;
Lindsey W Whittle;0;0;No;
Lindy M Reel;0;0;No;
Linette Q Menard;0;0;No;
Linh U Ashton;0;0;No;
Linn Plummer;0;0;No;
Lino M Lizarraga;0;0;No;
Linsey P Orsini;0;0;No;
Linwood H Carter;0;0;No;
Linwood J Franqui;0;0;No;
Lisa C Sheridan;0;0;No;
Lisette F Cowley;0;0;No;
Liz R Lomonaco;0;0;No;
Lizzette G Moyle;0;0;No;
Lizzette Moyle;0;0;No;
Lizzie D Ratcliff;0;0;No;
Logan D Berryman;0;0;No;
Lois Cozad;0;0;No;
Lona T Collar;0;0;No;
Londa Petrey;0;0;No;
Londa T Maya;0;0;No;
Loraine Barnes;0;0;No;
Loralee V Ball;0;0;No;
Loren H Mckenzie;1;1;No;
Loren I Casady;0;0;No;
Loren Isaac;0;0;No;
Lorette Y Petrillo;0;0;No;
Lorri Garney;0;0;No;
Lorriane P Ho;0;1;In progress;Lorriane P Ho
Lottie Bonin;0;0;No;
Lottie G Bonin;0;0;No;
Lou Baine;0;0;No;
Louann X Sakamoto;0;0;No;
Love G Lent;0;0;No;
Lowell Demmer;0;0;No;
Lucas Funes;0;0;No;
Lucas P Funes;0;0;No;
Luciana N Campfield;0;0;No;
Lucienne U Clyne;0;0;No;
Lucinda Z Borton;0;0;No;
Lucius C Moorhead;0;0;No;
Lucy Reiser;0;0;No;
Luella W Kemmerer;0;0;No;
Luigi G Lembo;0;0;No;
Luke S Tumlin;0;0;No;
Lyla Donald;0;0;No;
Lyla Q Donald;0;0;No;
Lyn Q Tso;0;0;No;
Lyn Tso;0;1;In progress;Lyn Tso
Lyndon Dunkley;0;0;No;
Lynn M Blocher;0;0;No;
Lynwood Durfee;0;0;No;
Lynwood Q Durfee;0;0;No;
Mac Lineberry;0;0;No;
Mac U Palmquist;0;0;No;
Mac V Lineberry;0;0;No;
Mack L Lykes;1;0;No;
Madalene J Martine;0;0;No;
Madelyn W Boos;0;0;No;
Magaly Mcneel;0;0;No;
Magaly U Mcneel;0;0;No;
Maire Mair;0;0;No;
Malcolm Y Bonaparte;0;0;No;
Malcom Darrah;0;0;No;
Malcom L Meister;0;0;No;
Man W Bean;0;0;No;
Mandy Lavalley;0;0;No;
Mandy W Lavalley;0;0;No;
Marcell T Farias;0;0;No;
Marcella Mapp;0;0;No;
Marcella Z Mapp;0;0;No;
Marcellus H Macintyre;0;0;No;
Marcellus Jalbert;0;0;No;
Marco J Desilva;0;0;No;
Marg Dunfee;0;0;No;
Margarett E Mulford;0;0;No;
Margarite E Blalock;0;0;No;
Margarito M Oxendine;0;0;No;
Margarito O Retana;0;0;No;
Margarito Retana;0;0;No;
Marget Dials;0;0;No;
Margit E Gallion;0;0;No;
Margit Gallaher;0;0;No;
Margrett M Confer;0;1;In progress;Margrett M Confer
Mariam F Pinheiro;0;0;No;
Mariano F Leary;0;0;No;
Mariano Y Kyles;0;0;No;
Maricela Pendergrass;0;0;No;
Marina X Quayle;0;0;No;
Maris S Briggs;0;0;No;
Marissa S Hughes;0;0;No;
Marivel Seiter;0;0;No;
Mark F Hamman;0;0;No;
Marketta Candelaria;0;0;No;
Markus J Lamm;0;0;No;
Marlana W Zak;0;0;No;
Marleen R Guyette;0;0;No;
Marlon M Caddell;0;0;No;
Marni O Otter;0;0;No;
Mary Y Tate;0;0;No;
Maryellen E Zackery;0;0;No;
Maryellen H Hartness;0;0;No;
Maryjo Mccloy;0;0;No;
Maryln H Springfield;0;0;No;
Marylouise Howland;0;0;No;
Marylyn K Ditto;0;0;No;
Marylynn Ealey;0;0;No;
Marylynn G Ealey;0;0;No;
Mason Shiflett;0;0;No;
Mathilda Monty;0;0;No;
Matt D Bramblett;0;0;No;
Mauricio I Streets;1;0;No;
Mauricio U Talty;0;0;No;
Maximina K Frates;1;1;No;
Maxwell Azevedo;0;0;No;
Maxwell H Azevedo;0;0;No;
Maybelle Rush;0;0;No;
Mckinley H Scofield;0;0;No;
Meda I Hayner;0;0;No;
Mei H Silvera;0;0;No;
Melida R Corle;0;0;No;
Mellissa Hembree;0;0;No;
Mervin E Goering;0;0;No;
Mervin Goering;0;0;No;
Meryl B Jude;0;0;No;
Meryl Gow;0;0;No;
Meryl I Nau;0;0;No;
Meryl Nau;0;0;No;
Mica Z Herzberg;0;0;No;
Micaela N Buker;0;1;In progress;Micaela N Buker
Micheal F Mcleroy;0;0;No;
Mickey E Hentges;0;0;No;
Mickey Hentges;0;0;No;
Micki R Jauregui;0;0;No;
Mignon H Ballesteros;0;0;No;
Mignon Q Dills;0;0;No;
Miguel P Karp;0;0;No;
Mika J Rodriquez;0;0;No;
Mika Rodriquez;0;0;No;
Mike A Waddington;0;0;No;
Miles Lambert;0;0;No;
Miles N Light;0;0;No;
Millicent G Mangan;0;0;No;
Millicent Mangan;0;0;No;
Min X Buckmaster;0;0;No;
Mina P Shotwell;0;0;No;
Mina Shotwell;0;0;No;
Minta J Branham;0;0;No;
Mirian E Gorman;0;0;No;
Mirtha Herzig;0;0;No;
Mirtha X Herzig;0;0;No;
Misti H Mendenhall;0;0;No;
Misti Royal;0;0;No;
Moises U Hughs;0;0;No;
Molly U Rasch;0;0;No;
Monte F Mcginn;0;0;No;
Monty C Hughes;0;0;No;
Morgan Carriere;0;0;No;
Morgan K Rathbun;0;0;No;
Morgan Leonetti;0;0;No;
Morgan O Carriere;0;0;No;
Morgan V Leonetti;0;0;No;
Mose Brucker;0;0;No;
Mose O Brucker;0;0;No;
Mumin Yusha;0;0;No;
Murray D Pennock;0;0;No;
Myles G Strum;0;0;No;
Myra H Parra;0;0;No;
Myron Elsea;0;0;No;
Myron V Elsea;0;0;No;
Nadia B Rosner;0;0;No;
Nancy V Trogdon;0;0;No;
Nannette Ressler;0;0;No;
Nannie Z Seeman;0;0;No;
Narcisa C Rayburn;1;1;No;
Natasha L Mcelhannon;0;0;No;
Nathan Avendano;0;0;No;
Nathan V Avendano;0;0;No;
Nathanael G Mcmillin;0;0;No;
Nathanael Halloway;0;0;No;
Nathanael W Ohl;0;0;No;
Neil Gebhard;0;0;No;
Neil V Gebhard;0;0;No;
Neil Z Stoughton;0;0;No;
Nelida E Cheeks;0;0;No;
Nella Mckeown;0;0;No;
Nelson Dubuc;0;0;No;
Nelson O Dubuc;0;0;No;
Neomi P Pitchford;0;0;No;
Nestor T Ventura;0;0;No;
Nettie T Mccandless;1;1;No;
Newton L Cromartie;0;0;No;
Newton V Scalia;0;0;No;
Ngoc P Pogue;0;0;No;
Ngoc X Watson;0;0;No;
Nicholas B Salcedo;0;0;No;
Nick Q Packard;0;0;No;
Nickolas G Grossi;0;0;No;
Nicola S Bellis;0;0;No;
Nicolle A Crothers;0;0;No;
Nigel K Wadsworth;0;0;No;
Nigel O Sansom;0;0;No;
Nigel V Dupras;0;0;No;
Nikia Z Thrasher;0;0;No;
Nilsa Arambula;0;0;No;
Noah O Love;0;0;No;
Noble Sanderson;0;0;No;
Noel Garon;0;0;No;
Nolan V Velazco;0;0;No;
Norris P Ewen;0;0;No;
Novella B Osman;0;0;No;
Novella Osman;0;0;No;
Odette Gorden;0;0;No;
Olevia U Cartier;0;0;No;
Oliver Mouzon;0;0;No;
Omer H Moultrie;0;0;No;
Ona K Koepp;0;0;No;
Oren M Mcnabb;0;1;In progress;Oren M Mcnabb
Oren Mcnabb;0;1;In progress;Oren Mcnabb
Orval N Pichardo;0;0;No;
Orval Olinger;0;0;No;
Orval Q Olinger;0;1;In progress;Orval Q Olinger
Orval Q Schlesinger;0;0;No;
Orville Marcantel;0;0;No;
Orville Massey;0;0;No;
Oscar R Bovee;0;0;No;
Oswaldo Baumbach;0;0;No;
Otha Sylvester;0;0;No;
Otha T Orrell;0;0;No;
Otto Reilly;0;0;No;
Palmer O Beamer;0;0;No;
Pansy Duchesne;0;0;No;
Pansy F Duchesne;0;0;No;
Paola R Timberlake;0;0;No;
Paris U Leite;0;0;No;
Patria D Riedel;1;1;No;
Patrick H Gilleland;0;0;No;
Patty Hosey;0;0;No;
Paz J Hegwood;0;0;No;
Perry E Huddleston;0;0;No;
Perry Outland;0;0;No;
Pete B Donnelly;0;0;No;
Petrina B Dampier;0;0;No;
Petrina Dampier;0;0;No;
Phil Czarnecki;0;0;No;
Phil G Czarnecki;0;0;No;
Phil T Urena;0;0;No;
Philip Trinidad;0;0;No;
Philip X Trinidad;0;0;No;
Phillip Crabill;0;0;No;
Phyllis Figueredo;0;0;No;
Porfirio Houghton;0;0;No;
Porsche Dearing;0;0;No;
Prince Maloof;0;0;No;
Providencia Hennings;0;0;No;
Queenie M Alder;0;0;No;
Quinn Linneman;0;0;No;
Rachelle M Burkhead;0;0;No;
Rafaela Madrid;0;0;No;
Rafaela N Madrid;0;0;No;
Raguel Yeager;0;0;No;
Ramon Heldt;0;0;No;
Ramona V Hemphill;0;0;No;
Ramona W Rand;0;0;No;
Ramonita Z Fincher;0;0;No;
Randal J Kahle;0;0;No;
Randal Kahle;0;0;No;
Randee O Cassity;0;0;No;
Randee X Blunt;0;0;No;
Raphael W Kellner;0;0;No;
Rashida M Durante;0;0;No;
Raye T Willmon;0;0;No;
Raymon I Chavarria;0;0;No;
Raymond U Flavin;0;0;No;
Raymundo Pecora;0;1;In progress;Raymundo Pecora
Reagan H Costas;0;0;No;
Reanna I Hampton;0;0;No;
Reatha E Osby;0;0;No;
Rebeca Kromer;0;0;No;
Reed O Vella;0;0;No;
Reed Vella;0;0;No;
Reggie Cramer;0;0;No;
Reinaldo Castellanos;0;0;No;
Reinaldo G Castellanos;1;1;No;
Renaldo K Cheatham;1;0;No;
Rene Morel;0;0;No;
Ressie Goodwyn;0;0;No;
Ressie I Goodwyn;0;0;No;
Retha G Nealy;0;0;No;
Rex K Dion;0;0;No;
Reyes X Segal;0;0;No;
Reynalda M Millwood;0;0;No;
Reynaldo S Service;0;1;In progress;Reynaldo S Service
Rhett A Chapple;0;0;No;
Rhett H Goode;0;0;No;
Rich Cleek;0;0;No;
Rich Q Rehberg;0;0;No;
Rich Rehberg;0;0;No;
Richard C Truman;0;0;No;
Richard J Fetter;0;0;No;
Richelle Haffner;0;0;No;
Richie I Weisz;0;0;No;
Rick E Armenta;0;0;No;
Rick Y Haefner;0;0;No;
Rickey I Delk;0;0;No;
Rina L Chacon;0;0;No;
Rob Spier;0;0;No;
Robbie N Heckman;0;0;No;
Robert Ancheta;0;0;No;
Robert C Ancheta;0;0;No;
Robert F Trudeau;0;0;No;
Robert Winsor;0;0;No;
Roberto A Fresquez;0;0;No;
Roberto U Derry;0;0;No;
Robin Z Stewart;0;0;No;
Rod Catania;0;0;No;
Rodney Leonardo;0;0;No;
Rogelio Finnerty;0;0;No;
Rogelio Ledezma;0;0;No;
Rolando Womble;0;0;No;
Ronnie E Swim;0;0;No;
Ronnie G Gumbs;0;0;No;
Ronnie H Upton;0;0;No;
Ronnie Upton;0;0;No;
Rory Syed;0;0;No;
Rosa Iler;0;0;No;
Rosaline H Brenneman;0;0;No;
Rosalva G Shepley;0;0;No;
Rosanna D Standley;0;0;No;
Roscoe Tunney;0;0;No;
Roselia F Britton;0;0;No;
Rosella E Marron;0;0;No;
Rosemarie K Fellows;0;0;No;
Rosetta Messerly;0;0;No;
Rosette F Cascio;0;0;No;
Rosina Gonsalves;0;0;No;
Ross Imai;0;0;No;
Rosy U Baumeister;0;0;No;
Roy W Wilkie;0;0;No;
Royal U Okeefe;0;0;No;
Royce K Goodwyn;0;0;No;
Rozanne N Mielke;0;0;No;
Rubin Confer;0;0;No;
Rubin E Confer;0;0;No;
Ruby B Hare;0;0;No;
Rueben X Pidgeon;0;0;No;
Rufus F Furlong;0;0;No;
Rufus Neufeld;0;0;No;
Russ I Teed;0;0;No;
Russ U Belliveau;0;0;No;
Russel Baumer;0;0;No;
Rusty Bibby;0;0;No;
Sal C Heiden;0;0;No;
Salena I Santillan;0;0;No;
Salena Santillan;0;0;No;
Salvatore J Lindell;0;0;No;
Sam C Limones;0;0;No;
Sam E Lacey;0;0;No;
Samantha V Lucky;0;0;No;
Sammy C Holtzclaw;0;1;In progress;Sammy C Holtzclaw
Samuel Dart;0;0;No;
Sanford Knee;0;0;No;
Sarita P Schubert;0;1;In progress;Sarita P Schubert
Scott D Torrey;1;1;No;
Scott K Ricco;0;0;No;
Selma Abram;0;0;No;
Sena U Delrosario;0;0;No;
Serina Lingle;0;0;No;
Seth N Lipsky;0;0;No;
Seth Willilams;0;0;No;
Shanelle Z Hick;0;0;No;
Shannon J Force;0;0;No;
Shanti F Quirion;0;0;No;
Shanti P Brinegar;0;1;In progress;Shanti P Brinegar
Shanti Quirion;0;0;No;
Shara Millsap;0;0;No;
Sharda W Choudhury;0;0;No;
Sharita Y Lombardi;0;0;No;
Sharlene Klein;0;0;No;
Sharonda Janzen;0;0;No;
Sharri Z Gormley;0;0;No;
Sharyl Y Torian;0;0;No;
Shasta F Bay;0;0;No;
Shasta P Depuy;0;0;No;
Shavon K Wescott;0;0;No;
Shavonne B Boylan;0;0;No;
Shavonne Henkle;0;1;In progress;Shavonne Henkle
Shawanda Ostlund;0;0;No;
Shayne T Claytor;0;0;No;
Sheila F Bergman;0;0;No;
Shemika D Porterfield;0;0;No;
Sherise Bledsoe;0;0;No;
Sherise C Bledsoe;0;0;No;
Sherlene E Mcdaniel;0;0;No;
Sherryl B Raker;0;0;No;
Sherryl Raker;0;0;No;
Sherwood K Shire;0;1;In progress;Sherwood K Shire
Sheryll X Broadbent;1;0;No;
Shirl M Caraballo;0;0;No;
Shirley H Mettler;0;0;No;
Sidney D Amore;0;0;No;
Silas J Wojcik;0;0;No;
Silas S Pyatt;0;0;No;
Silvana V Hendrix;0;0;No;
Simon G Cromwell;0;0;No;
Sixta H Jo;0;0;No;
Sixta Jo;0;0;No;
Sol Coffman;0;0;No;
Sol K Roger;0;1;In progress;Sol K Roger
Solange Landaverde;0;0;No;
Son D Ricketts;0;0;No;
Sonny Najar;0;0;No;
Sophia F Knecht;0;0;No;
Stacey H Galante;0;0;No;
Stacy B Kennell;0;0;No;
Stan I Folks;0;0;No;
Stan S Watt;0;0;No;
Stanley Caudill;0;0;No;
Stanley F Casillas;0;0;No;
Stanton Y Cavallaro;0;0;No;
Stasia L Daley;0;0;No;
Stefanie P Rose;0;0;No;
Stephan Q Ranger;1;1;No;
Stephnie Millman;0;0;No;
Steve S Everette;0;0;No;
Steven B Daigneault;0;0;No;
Steven Daigneault;0;0;No;
Stewart Mazurek;1;1;No;
Stuart Fullwood;0;0;No;
Suellen Eoff;0;0;No;
Sunshine F Earle;0;0;No;
Susan Barra;0;0;No;
Susana H Hooks;1;1;No;
Susana Hooks;0;0;No;
Susann A Faucett;0;0;No;
Suzette F Lovejoy;0;0;No;
Suzette Lovejoy;0;0;No;
Sydney Trosper;0;0;No;
Sylvester Harmer;0;0;No;
Sylvester M Harmer;0;0;No;
Sylvester Z Blackledge;0;0;No;
Tad Laster;0;0;No;
Tad Portillo;0;0;No;
Tad V Laster;0;0;No;
Talisha F Nicklas;0;0;No;
Tamera Balser;0;1;In progress;Tamera Balser
Tamesha I Knepper;0;0;No;
Tamica J Holoman;0;0;No;
Tammi S Garret;0;0;No;
Tammy Staples;0;0;No;
Tammy Z Lorentz;0;0;No;
Taneka Q Church;1;1;No;
Tanner Y Hollenbeck;0;0;No;
Tawanda E Buchanon;0;0;No;
Taylor O Thill;0;0;No;
Taylor Thill;1;1;No;
Tayna L Covarrubias;0;0;No;
Teddy Kleinschmidt;0;0;No;
Tempie Peralta;0;0;No;
Terra D Routh;0;0;No;
Terra Routh;0;0;No;
Terrance E Schiefelbein;0;0;No;
Terrell J Leader;0;0;No;
Terrell Leader;0;0;No;
Theda Timothy;0;0;No;
Theresa Fitzmaurice;0;0;No;
Theresa R Fitzmaurice;0;0;No;
Therese Q Belden;1;1;No;
Theron T Kramer;0;0;No;
Thomas B Felipe;0;0;No;
Thomas H Huang;0;0;No;
Thora Vanhook;0;0;No;
Thurman T Caceres;0;0;No;
Tiffaney A Schoenberg;0;0;No;
Tiffaney Schoenberg;0;0;No;
Tim N Schueller;0;0;No;
Tim U Kornegay;0;0;No;
Timmy I Poteat;0;0;No;
Timmy Kitchens;0;0;No;
Tinisha V Vince;0;0;No;
Tiny Llanos;0;0;No;
Tiny Q Llanos;1;1;No;
Tiny Z Oliveri;0;0;No;
Titus Eide;0;0;No;
Toby Riles;0;0;No;
Tod Rene;0;0;No;
Toi F Stallard;0;0;No;
Tomas V Krout;0;0;No;
Tommie S Fargo;0;0;No;
Tommy I Meadows;0;0;No;
Tona S Huseby;0;0;No;
Toney Buffum;0;0;No;
Toney O Gentle;0;1;In progress;Toney O Gentle
Toney W Bollman;1;1;No;
Tonia Silvis;0;0;No;
Tonia X Silvis;0;0;No;
Tonja E Lenahan;0;0;No;
Tonja Lenahan;0;0;No;
Tony E Keough;0;0;No;
Tony Keough;0;0;No;
Towanda H Matson;0;0;No;
Toya B Rawlins;1;1;No;
Tracey Lapinski;0;0;No;
Tracie J Winebarger;0;0;No;
Trent J Lockman;0;0;No;
Tressa Q Standard;0;0;No;
Tressa Standard;0;0;No;
Trey Kaiser;0;0;No;
Tristan L Cockrell;0;0;No;
Tristan M Brackett;0;0;No;
Troy J Higbee;0;0;No;
Troy Michalski;0;0;No;
Tuan L Rhymes;0;0;No;
Tyler D Galindo;0;0;No;
Tyler Galindo;0;0;No;
Tyler N Larkins;0;0;No;
Tyree W Linden;0;0;No;
Tyrell R Bramlett;0;0;No;
Tyson High;0;0;No;
Ula W Hartl;0;0;No;
Ulysses S Abate;0;0;No;
Un Zebrowski;0;0;No;
Ute Outen;0;0;No;
Valarie O Gorecki;0;0;No;
Valencia M Cuffee;0;0;No;
Valene R Yost;0;0;No;
Valene Yost;0;0;No;
Valene Z Woodmansee;1;1;No;
Valentin Escoto;0;0;No;
Valentin T Dearborn;0;0;No;
Valentine Gibbon;0;0;No;
Valeria Fang;0;0;No;
Van E Broadbent;0;0;No;
Van T Dotson;0;0;No;
Vance Kuss;0;0;No;
Vasiliki E Thoman;0;0;No;
Vasiliki Thoman;0;0;No;
Vaughn Garica;1;1;No;
Vaughn N Garica;0;0;No;
Velda V Larue;0;0;No;
Verla H Contreras;0;0;No;
Vern T Lomeli;0;0;No;
Vernell X Amado;1;1;No;
Verona H Brobst;0;0;No;
Veronica I Mower;0;0;No;
Vicki V Broussard;0;0;No;
Vicki Y Hargrave;0;0;No;
Victor Helmuth;0;0;No;
Victoria H Musson;0;0;No;
Vikki N Lezama;0;1;In progress;Vikki N Lezama
Vincent N Lennon;0;0;No;
Vincenzo Rentschler;0;0;No;
Vinita E Chamber;0;0;No;
Violet L Ertel;0;1;In progress;Violet L Ertel
Virgil R Yuen;0;0;No;
Vivienne X Binion;0;0;No;
Voncile P Trojanowski;0;0;No;
Vonda U Mckinnis;0;0;No;
Waldo Witmer;0;0;No;
Walter B Mcmorrow;0;0;No;
Walter H Hargreaves;0;0;No;
Walter R Seddon;0;0;No;
Walton S Keim;1;1;No;
Walton U Kapoor;0;0;No;
Warner I Manly;0;0;No;
Warren L Manion;0;0;No;
Waylon Z Curtsinger;0;0;No;
Wendolyn Riddle;0;0;No;
Whitney N Wasinger;0;0;No;
Wiley U Maske;0;0;No;
Wilfred Honore;0;0;No;
Wilhelmina Y Keaney;0;0;No;
Willia Vath;0;1;In progress;Willia Vath
William B Mcnerney;0;0;No;
Williams Timko;0;0;No;
Willian Zeringue;0;0;No;
Willis D Weissman;0;0;No;
Wilton Florence;0;0;No;
Windy A Dudek;0;1;In progress;Windy A Dudek
Windy Dudek;0;0;No;
Windy Pharr;0;0;No;
Windy S Pharr;0;0;No;
Windy Valadez;0;0;No;
Winona Slape;0;0;No;
Wm S Goldschmidt;0;1;In progress;Wm S Goldschmidt
Xochitl Hogan;0;0;No;
Xochitl Luse;0;0;No;
Yong Ramsey;0;0;No;
Young Rueb;0;0;No;
Young W Funes;0;0;No;
Yung G Booher;0;0;No;
Yvone Seay;0;0;No;
Zachary Haugland;0;0;No;
Zachary S Velasquez;0;0;No;
Zachary U Breeden;0;0;No;
Zachary Velasquez;0;0;No;
Zachery Barna;0;0;No;
Zack H Mumaw;0;0;No;
Zackary G Parkins;0;0;No;
Zana G Ordonez;0;0;No;
Zane J Hurdle;0;0;No;
Zella Renn;0;0;No;
Zenia D Owings;0;0;No;
Zoila X Nair;0;0;No;
